{
    "start_lat": 52.510139091371045,
    "start_lon": 13.426759138230267,
    "end_lat": 52.507355636472575,
    "end_lon": 13.431038495244126,
    "rating": 5,
    "nodes": [
        [
            13.427683,
            52.509347
        ],
        [
            13.427917,
            52.509211
        ],
        [
            13.428201,
            52.509044
        ],
        [
            13.428585,
            52.50882
        ],
        [
            13.428676,
            52.508765
        ],
        [
            13.428805,
            52.508688
        ],
        [
            13.428437,
            52.508261
        ],
        [
            13.428361,
            52.508138
        ],
        [
            13.4281,
            52.507805
        ],
        [
            13.427712,
            52.507571
        ],
        [
            13.428259,
            52.507353
        ],
        [
            13.428902,
            52.507081
        ],
        [
            13.429123,
            52.506976
        ],
        [
            13.429293,
            52.506905
        ],
        [
            13.429349,
            52.506881
        ],
        [
            13.429726,
            52.506719
        ],
        [
            13.430058,
            52.506579
        ],
        [
            13.430106,
            52.506558
        ]
    ]
}