{
    "start_lat": 52.50741176619473,
    "start_lon": 13.420139740554351,
    "end_lat": 52.49596032083512,
    "end_lon": 13.411673584338324,
    "rating": 2,
    "nodes": [
        [
            13.420483,
            52.50732
        ],
        [
            13.420137,
            52.50684
        ],
        [
            13.420093,
            52.506779
        ],
        [
            13.420047,
            52.506715
        ],
        [
            13.420033,
            52.506695
        ],
        [
            13.419974,
            52.506616
        ],
        [
            13.419804,
            52.506384
        ],
        [
            13.419695,
            52.506242
        ],
        [
            13.419589,
            52.506118
        ],
        [
            13.419366,
            52.505791
        ],
        [
            13.419366,
            52.505748
        ],
        [
            13.419785,
            52.505641
        ],
        [
            13.419933,
            52.505599
        ],
        [
            13.420401,
            52.505468
        ],
        [
            13.421225,
            52.505235
        ],
        [
            13.421602,
            52.50515
        ],
        [
            13.421987,
            52.505109
        ],
        [
            13.421517,
            52.504458
        ],
        [
            13.421344,
            52.504214
        ],
        [
            13.421299,
            52.50415
        ],
        [
            13.421184,
            52.503988
        ],
        [
            13.420949,
            52.503655
        ],
        [
            13.420896,
            52.503551
        ],
        [
            13.420672,
            52.50324
        ],
        [
            13.420452,
            52.502925
        ],
        [
            13.42044,
            52.502907
        ],
        [
            13.420244,
            52.502625
        ],
        [
            13.420233,
            52.50261
        ],
        [
            13.420213,
            52.502581
        ],
        [
            13.420057,
            52.502357
        ],
        [
            13.419982,
            52.502249
        ],
        [
            13.419832,
            52.502044
        ],
        [
            13.419678,
            52.50183
        ],
        [
            13.419589,
            52.501708
        ],
        [
            13.419571,
            52.501682
        ],
        [
            13.419547,
            52.50165
        ],
        [
            13.419284,
            52.501285
        ],
        [
            13.419054,
            52.500959
        ],
        [
            13.418934,
            52.500786
        ],
        [
            13.418869,
            52.500693
        ],
        [
            13.418751,
            52.500529
        ],
        [
            13.418569,
            52.500278
        ],
        [
            13.418487,
            52.500164
        ],
        [
            13.418426,
            52.50008
        ],
        [
            13.418205,
            52.499775
        ],
        [
            13.418113,
            52.499648
        ],
        [
            13.41809,
            52.499537
        ],
        [
            13.418189,
            52.499335
        ],
        [
            13.418033,
            52.499305
        ],
        [
            13.41786,
            52.499207
        ],
        [
            13.417815,
            52.499151
        ],
        [
            13.417584,
            52.499045
        ],
        [
            13.417088,
            52.498973
        ],
        [
            13.41694,
            52.498954
        ],
        [
            13.416686,
            52.498922
        ],
        [
            13.416151,
            52.498852
        ],
        [
            13.414466,
            52.498619
        ],
        [
            13.414109,
            52.498592
        ],
        [
            13.413807,
            52.498592
        ],
        [
            13.412541,
            52.498673
        ],
        [
            13.412229,
            52.498671
        ],
        [
            13.411915,
            52.498656
        ],
        [
            13.410532,
            52.498594
        ],
        [
            13.410546,
            52.498466
        ],
        [
            13.410572,
            52.498252
        ],
        [
            13.410605,
            52.49798
        ],
        [
            13.41062,
            52.497853
        ],
        [
            13.410684,
            52.497353
        ],
        [
            13.410691,
            52.497308
        ],
        [
            13.410708,
            52.497183
        ],
        [
            13.410732,
            52.497008
        ],
        [
            13.410823,
            52.496843
        ],
        [
            13.410953,
            52.496736
        ],
        [
            13.411092,
            52.496665
        ],
        [
            13.41126,
            52.496603
        ],
        [
            13.411744,
            52.496463
        ],
        [
            13.411863,
            52.496459
        ],
        [
            13.411851,
            52.496413
        ],
        [
            13.411794,
            52.496266
        ],
        [
            13.411778,
            52.496134
        ],
        [
            13.411796,
            52.496047
        ],
        [
            13.411829,
            52.496
        ]
    ]
}