{
    "start_lat": 52.510711699226945,
    "start_lon": 13.435795270655884,
    "end_lat": 52.51144348829865,
    "end_lon": 13.421601377509859,
    "rating": 3,
    "nodes": [
        [
            13.435888,
            52.510793
        ],
        [
            13.43574,
            52.510856
        ],
        [
            13.435571,
            52.510952
        ],
        [
            13.43451,
            52.51138
        ],
        [
            13.434136,
            52.511514
        ],
        [
            13.433492,
            52.51164
        ],
        [
            13.43316,
            52.511696
        ],
        [
            13.433119,
            52.511619
        ],
        [
            13.433068,
            52.511567
        ],
        [
            13.432384,
            52.510945
        ],
        [
            13.432396,
            52.510863
        ],
        [
            13.431981,
            52.510518
        ],
        [
            13.431913,
            52.510548
        ],
        [
            13.431173,
            52.510865
        ],
        [
            13.430723,
            52.51106
        ],
        [
            13.430507,
            52.511096
        ],
        [
            13.430249,
            52.510477
        ],
        [
            13.429098,
            52.510926
        ],
        [
            13.428229,
            52.511271
        ],
        [
            13.427035,
            52.511799
        ],
        [
            13.426788,
            52.511924
        ],
        [
            13.426447,
            52.512093
        ],
        [
            13.426169,
            52.512256
        ],
        [
            13.425128,
            52.512991
        ],
        [
            13.42446,
            52.513392
        ],
        [
            13.424283,
            52.513489
        ],
        [
            13.424147,
            52.513548
        ],
        [
            13.424029,
            52.513433
        ],
        [
            13.423976,
            52.513314
        ],
        [
            13.423957,
            52.513294
        ],
        [
            13.423804,
            52.513131
        ],
        [
            13.423734,
            52.513057
        ],
        [
            13.423558,
            52.512862
        ],
        [
            13.423388,
            52.51268
        ],
        [
            13.422893,
            52.512134
        ],
        [
            13.422548,
            52.511702
        ],
        [
            13.422487,
            52.511618
        ],
        [
            13.4223,
            52.511358
        ],
        [
            13.422164,
            52.511392
        ]
    ]
}