{
    "start_lat": 52.502400637462216,
    "start_lon": 13.43143711214479,
    "end_lat": 52.51345829387222,
    "end_lon": 13.415893540467911,
    "rating": 2,
    "nodes": [
        [
            13.430964,
            52.502566
        ],
        [
            13.431016,
            52.502622
        ],
        [
            13.431224,
            52.502842
        ],
        [
            13.431322,
            52.502948
        ],
        [
            13.431158,
            52.503017
        ],
        [
            13.430945,
            52.503119
        ],
        [
            13.430682,
            52.503228
        ],
        [
            13.430566,
            52.503276
        ],
        [
            13.430466,
            52.503317
        ],
        [
            13.430226,
            52.503415
        ],
        [
            13.430025,
            52.503499
        ],
        [
            13.43053,
            52.504084
        ],
        [
            13.430654,
            52.504228
        ],
        [
            13.430942,
            52.504562
        ],
        [
            13.431016,
            52.504647
        ],
        [
            13.431087,
            52.50473
        ],
        [
            13.431319,
            52.504999
        ],
        [
            13.431461,
            52.505163
        ],
        [
            13.431528,
            52.50524
        ],
        [
            13.431667,
            52.505402
        ],
        [
            13.431976,
            52.505754
        ],
        [
            13.431778,
            52.505839
        ],
        [
            13.431494,
            52.505957
        ],
        [
            13.431204,
            52.506087
        ],
        [
            13.430954,
            52.506196
        ],
        [
            13.43068,
            52.506313
        ],
        [
            13.430127,
            52.506549
        ],
        [
            13.430058,
            52.506579
        ],
        [
            13.429726,
            52.506719
        ],
        [
            13.429349,
            52.506881
        ],
        [
            13.429293,
            52.506905
        ],
        [
            13.429123,
            52.506976
        ],
        [
            13.428902,
            52.507081
        ],
        [
            13.428259,
            52.507353
        ],
        [
            13.427712,
            52.507571
        ],
        [
            13.427522,
            52.507652
        ],
        [
            13.426672,
            52.508024
        ],
        [
            13.425692,
            52.508426
        ],
        [
            13.425382,
            52.508547
        ],
        [
            13.425106,
            52.508663
        ],
        [
            13.424672,
            52.508813
        ],
        [
            13.4246,
            52.508833
        ],
        [
            13.423427,
            52.50916
        ],
        [
            13.423311,
            52.509197
        ],
        [
            13.422492,
            52.509419
        ],
        [
            13.421867,
            52.509593
        ],
        [
            13.421312,
            52.509738
        ],
        [
            13.42117,
            52.509775
        ],
        [
            13.421034,
            52.509812
        ],
        [
            13.420293,
            52.510004
        ],
        [
            13.419979,
            52.510086
        ],
        [
            13.418625,
            52.510441
        ],
        [
            13.417456,
            52.510747
        ],
        [
            13.417225,
            52.510806
        ],
        [
            13.416455,
            52.511006
        ],
        [
            13.415856,
            52.511153
        ],
        [
            13.415364,
            52.511255
        ],
        [
            13.415009,
            52.511319
        ],
        [
            13.415548,
            52.512509
        ],
        [
            13.415625,
            52.512646
        ],
        [
            13.415553,
            52.512964
        ],
        [
            13.415471,
            52.513331
        ],
        [
            13.415437,
            52.513484
        ],
        [
            13.415595,
            52.513498
        ]
    ]
}